region,population,sex,age,education,income,statusquo,vote
N,175000,M,65,P,35000,1.0082,Y
N,175000,M,29,PS,7500,-1.29617,N
N,175000,F,38,P,15000,1.23072,Y
N,175000,F,49,P,35000,-1.03163,N
N,175000,F,23,S,35000,-1.10496,N
N,175000,F,28,P,7500,-1.04685,N
N,175000,M,26,PS,35000,-0.78626,N
N,175000,F,24,S,15000,-1.11348,N
N,175000,M,41,P,15000,-1.29617,N
N,175000,M,64,P,15000,1.36566,Y
N,175000,F,27,PS,NA,1.43448,Y
N,175000,F,46,S,75000,1.50684,Y
N,175000,F,20,PS,15000,-0.85579,N
N,175000,M,67,P,75000,1.32279,Y
N,175000,F,38,S,35000,1.38534,Y
N,175000,F,55,PS,35000,1.45602,Y
N,175000,M,18,S,75000,1.54808,Y
N,175000,F,24,PS,35000,1.61471,Y
N,175000,M,58,P,35000,1.52601,Y
N,175000,M,20,PS,35000,-0.89281,N
N,175000,F,32,PS,35000,1.50986,Y
N,175000,F,37,PS,200000,0.96525,Y
N,175000,M,44,PS,35000,1.16851,N
N,175000,M,20,PS,15000,-1.29617,N
N,175000,F,36,P,35000,-0.35147,Y
N,175000,M,37,P,7500,1.43203,Y
N,175000,M,30,P,15000,0.11067,Y
N,125000,M,30,S,15000,-1.1517,N
N,125000,F,37,PS,35000,1.40361,Y
N,125000,M,51,P,15000,0.52166,Y
N,125000,F,61,P,35000,0.79952,Y
N,125000,F,70,P,15000,1.48894,Y
N,125000,M,35,S,35000,0.49674,Y
N,125000,M,68,P,35000,1.32695,Y
N,125000,F,25,P,35000,1.54808,Y
N,125000,F,50,P,7500,1.33168,Y
N,125000,F,24,S,35000,1.03408,Y
N,125000,M,40,S,15000,-1.04016,N
N,125000,M,34,PS,125000,-1.10088,N
N,125000,F,52,S,35000,1.24649,Y
N,125000,F,35,S,35000,1.59577,Y
N,125000,M,51,S,75000,1.34999,Y
N,125000,M,33,PS,75000,1.33168,Y
N,125000,F,36,S,15000,0.80845,Y
N,125000,F,43,P,15000,1.04409,Y
N,125000,F,28,P,35000,1.5877,Y
N,125000,M,19,S,7500,0.52845,N
N,125000,F,26,S,35000,1.45329,Y
N,125000,M,40,PS,35000,-0.52639,N
N,125000,M,19,PS,35000,-1.10706,N
N,125000,F,38,S,75000,1.06142,Y
N,125000,F,22,PS,35000,-1.30351,N
N,125000,F,32,S,NA,-0.85035,N
N,125000,M,38,PS,35000,-1.29617,N
N,125000,M,19,S,35000,-0.02965,N
N,125000,M,32,PS,75000,1.48284,Y
N,125000,M,54,P,35000,-1.1921,N
N,125000,M,48,P,35000,1.02326,Y
N,125000,F,30,S,75000,-0.99223,N
N,125000,M,23,PS,35000,-1.10784,Y
N,125000,F,46,S,125000,1.5877,Y
N,125000,M,23,S,15000,-1.12468,N
N,125000,F,44,S,35000,-1.14579,N
N,125000,M,65,P,35000,1.02326,Y
N,125000,F,24,P,7500,-1.18567,N
N,125000,F,19,S,35000,1.05618,Y
N,125000,F,53,P,75000,1.59943,Y
N,125000,M,57,S,35000,-0.66752,N
N,250000,F,50,P,15000,-0.97742,Y
N,250000,M,45,P,2500,0.71898,N
N,250000,F,18,S,125000,0.15214,N
N,250000,F,67,S,7500,-1.29617,N
N,250000,M,30,S,7500,-0.71641,N
N,250000,F,23,P,7500,-1.30366,N
N,250000,F,34,P,7500,-0.122,Y
N,250000,M,46,P,75000,-1.17441,N
N,250000,M,18,S,15000,-0.71653,N
N,250000,M,69,P,7500,1.54808,Y
N,250000,M,21,S,35000,-0.78334,N
N,250000,F,34,P,35000,1.43203,Y
N,250000,F,35,S,35000,-1.29617,N
N,250000,F,50,S,125000,1.5877,Y
N,250000,M,66,S,75000,1.25462,Y
N,250000,M,22,PS,125000,-0.42219,N
N,250000,F,54,S,75000,-0.12077,N
N,250000,F,22,PS,35000,-0.27527,N
N,250000,F,70,P,75000,1.39831,Y
N,250000,F,50,P,35000,-1.29617,N
N,250000,M,42,PS,75000,1.45861,Y
N,250000,M,33,S,7500,-1.29617,N
N,250000,M,52,P,35000,-1.03168,N
N,250000,F,55,S,15000,-1.29617,N
N,250000,F,50,P,35000,0.6853,Y
N,250000,F,24,P,7500,-1.2202,N
N,250000,F,26,PS,35000,-1.29617,N
N,250000,M,23,PS,35000,-1.01268,N
N,250000,F,55,S,35000,-0.38049,N
N,250000,M,38,PS,15000,-0.88584,N
N,250000,M,18,PS,75000,-1.21974,N
N,250000,M,36,S,35000,-0.40254,N
N,250000,F,18,S,NA,-1.22081,N
N,250000,F,36,S,7500,1.40604,Y
N,250000,F,65,PS,125000,-0.9981,N
N,250000,F,26,PS,75000,1.48284,Y
N,250000,F,55,S,75000,1.44104,Y
N,250000,F,59,S,35000,1.5877,Y
N,250000,M,70,P,7500,-0.36585,N
N,250000,F,24,PS,35000,1.27926,Y
N,250000,F,26,PS,75000,-1.10017,N
N,250000,F,44,PS,75000,1.44183,Y
N,250000,M,53,S,15000,-1.29617,N
N,250000,M,35,PS,125000,-0.72892,N
N,250000,F,26,PS,125000,1.4162,Y
N,250000,M,37,P,15000,0.41711,N
N,250000,F,70,PS,125000,1.44896,Y
N,250000,M,23,PS,35000,-1.25795,N
N,250000,F,18,S,35000,1.50986,Y
N,87500,F,30,P,15000,1.60783,Y
N,87500,F,46,P,7500,1.51786,Y
N,87500,M,22,P,15000,-0.51949,N
N,87500,F,42,P,15000,1.54808,Y
N,87500,F,25,S,15000,1.37129,Y
N,87500,M,42,P,15000,1.5877,Y
N,87500,M,32,PS,75000,1.36312,Y
N,87500,F,51,P,2500,1.59607,Y
N,87500,M,18,S,15000,-1.10367,N
N,87500,F,44,PS,35000,-0.71653,N
N,87500,M,40,S,15000,-1.03937,N
N,87500,F,33,S,2500,-1.14317,N
N,87500,F,21,S,35000,0.54901,Y
N,87500,F,37,S,7500,-0.6617,N
N,87500,F,58,P,7500,1.4527,Y
N,87500,M,37,S,75000,1.40361,Y
N,87500,M,18,P,35000,-0.12713,Y
N,45000,F,33,S,35000,0.9475,Y
N,45000,F,34,S,15000,1.43653,Y
N,45000,M,25,PS,35000,0.32764,Y
N,45000,F,53,P,15000,0.9948,Y
N,45000,F,31,PS,35000,0.98196,Y
N,45000,M,23,P,15000,0.37411,Y
N,45000,F,25,P,15000,1.33395,Y
N,45000,F,39,PS,15000,-0.59827,N
N,45000,F,25,P,15000,0.43403,Y
N,45000,M,48,P,7500,1.62138,Y
N,45000,F,25,P,15000,1.5877,Y
N,45000,M,18,S,15000,1.4156,Y
N,45000,F,49,P,NA,1.20211,Y
N,45000,F,66,P,2500,-1.29617,N
N,3750,M,60,P,75000,-0.38693,N
N,3750,M,37,PS,35000,-0.58756,N
N,3750,F,34,S,35000,0.02178,N
N,3750,M,28,S,15000,-0.66899,N
N,3750,M,59,P,35000,1.19563,Y
N,3750,M,21,P,15000,-0.04558,N
N,3750,F,27,S,2500,0.65137,Y
N,3750,F,53,NA,15000,0.57867,Y
N,3750,M,24,S,15000,-0.95939,N
N,3750,M,59,P,7500,1.41416,Y
N,3750,F,48,P,7500,1.21125,Y
N,3750,F,26,P,2500,1.50986,Y
N,3750,M,64,P,7500,0.98716,Y
N,3750,M,20,P,15000,1.05745,Y
N,3750,M,25,S,15000,0.34737,Y
N,3750,F,49,P,7500,0.15444,Y
N,3750,M,70,P,35000,-1.10356,N
N,3750,F,22,S,15000,1.05653,Y
N,3750,M,18,P,15000,0.0224,Y
N,125000,M,31,S,35000,-0.91124,Y
N,125000,F,48,PS,35000,-0.82983,Y
N,125000,F,23,S,15000,1.44853,Y
N,125000,F,28,S,35000,-1.07837,N
N,125000,F,27,S,7500,0.29045,Y
N,125000,M,38,S,15000,-0.89647,N
N,125000,M,34,PS,35000,-1.29617,N
N,125000,F,46,P,2500,-1.29617,N
N,125000,M,25,S,7500,-0.92377,N
N,125000,M,29,S,75000,-0.6018,Y
N,125000,F,34,P,7500,0.57019,Y
N,125000,M,66,P,7500,-0.18511,Y
N,125000,F,44,P,35000,1.51576,Y
N,125000,M,39,S,7500,0.75719,Y
N,125000,F,22,S,15000,-1.07861,N
N,125000,F,47,P,15000,1.43653,Y
N,125000,M,24,S,35000,0.00883,Y
N,125000,M,27,S,35000,1.34829,Y
N,125000,F,21,S,75000,-1.15231,N
N,125000,M,36,PS,75000,1.01364,Y
N,125000,F,62,P,15000,0.23772,Y
N,125000,M,24,PS,NA,-0.72038,N
N,125000,F,70,P,15000,1.25145,Y
N,125000,F,35,P,15000,-1.19054,N
N,125000,F,29,P,15000,1.23505,Y
N,125000,F,38,P,15000,1.24225,Y
N,125000,M,21,S,35000,-0.56293,N
N,125000,F,59,PS,35000,-1.18011,N
N,125000,M,59,P,15000,1.37738,Y
N,15000,M,24,PS,35000,-0.89647,N
N,15000,F,31,S,15000,0.29023,Y
N,15000,M,27,P,15000,-0.20566,N
N,15000,F,29,P,35000,0.96777,Y
N,15000,F,33,P,15000,0.82724,Y
N,15000,F,27,P,15000,1.07644,Y
N,15000,M,64,P,7500,-1.19662,N
N,15000,F,59,P,7500,-0.0725,N
N,15000,F,32,S,15000,-0.87318,Y
N,15000,M,26,S,75000,1.55477,Y
N,15000,M,39,P,15000,1.3766,Y
N,87500,F,29,PS,15000,-1.23032,N
N,87500,F,47,P,35000,1.22543,Y
N,87500,M,68,P,15000,1.40952,Y
N,87500,F,35,P,7500,-1.23032,Y
N,87500,F,29,P,7500,0.40561,Y
N,87500,M,58,P,15000,-1.29617,N
N,87500,M,70,P,15000,-0.13177,Y
N,87500,F,36,P,15000,-0.46162,N
N,87500,M,30,S,35000,-1.00254,N
N,87500,M,31,P,15000,-0.93686,Y
N,87500,M,31,P,7500,-0.89725,N
N,87500,M,37,S,15000,-1.29617,N
N,87500,M,20,S,NA,-0.18727,N
N,87500,F,52,P,15000,0.21063,N
N,87500,F,50,P,15000,0.51411,Y
N,25000,M,68,P,15000,1.37208,Y
N,25000,F,29,P,35000,1.01672,Y
N,25000,F,35,P,2500,0.05559,Y
N,25000,M,24,S,7500,0.77841,Y
N,25000,F,60,S,35000,1.46136,Y
N,25000,M,21,S,35000,-1.00054,N
N,25000,M,53,PS,35000,-1.29617,N
N,25000,F,26,S,7500,-1.03006,N
N,25000,M,43,S,35000,-1.29617,N
N,25000,F,23,P,15000,1.21184,Y
N,25000,M,26,S,15000,-1.1868,N
N,25000,F,58,P,35000,0.53257,N
N,25000,F,70,P,15000,1.33444,Y
C,25000,M,32,S,15000,-0.87595,N
C,25000,F,32,S,15000,0.73621,Y
C,25000,F,60,S,15000,-0.78119,N
C,25000,M,21,P,2500,1.03727,Y
C,25000,M,32,S,35000,-1.25795,N
C,25000,M,44,PS,35000,-1.29617,N
C,25000,M,56,S,75000,1.51576,Y
C,25000,F,67,P,15000,-0.52966,Y
C,25000,F,27,S,35000,1.19271,Y
C,25000,F,29,S,7500,-1.29617,N
C,25000,M,51,P,35000,-1.29617,N
C,25000,M,26,S,35000,-0.61861,N
C,25000,M,58,P,15000,-1.26325,N
C,25000,M,34,P,35000,-1.29617,N
C,45000,F,56,P,7500,-1.25795,N
C,45000,F,24,P,7500,-1.29617,N
C,45000,M,20,S,35000,-1.29617,N
C,45000,M,21,S,35000,-1.19504,N
C,45000,M,58,S,35000,-1.14049,N
C,45000,F,33,S,75000,-0.30372,N
C,45000,M,35,S,75000,-1.21834,N
C,45000,F,32,P,15000,1.5877,Y
C,45000,F,40,PS,75000,-1.29617,N
C,45000,M,36,PS,200000,-0.21637,N
C,45000,M,57,PS,35000,1.43772,Y
C,45000,M,44,S,35000,-1.03566,N
C,45000,F,51,P,15000,1.15628,Y
C,45000,M,26,S,35000,-0.64455,N
C,45000,M,34,S,75000,0.66781,Y
C,45000,F,47,S,75000,-0.897,N
C,45000,F,18,S,75000,-0.92939,N
C,45000,M,51,PS,75000,-1.08055,N
C,62500,F,26,S,15000,0.66877,Y
C,62500,M,29,PS,75000,0.77374,Y
C,62500,F,27,P,15000,1.25914,Y
C,62500,F,57,S,2500,1.5877,Y
C,62500,M,67,P,7500,1.59802,Y
C,62500,F,30,S,35000,0.93454,Y
C,62500,M,21,S,15000,-1.06991,N
C,62500,M,68,P,15000,-1.29617,N
C,62500,F,38,S,15000,-1.00007,N
C,62500,M,50,S,75000,-1.14103,N
C,62500,F,19,S,15000,-1.14361,N
C,62500,F,57,S,15000,-1.29617,N
C,62500,F,51,S,15000,-1.15092,N
C,62500,M,69,P,15000,-1.29617,N
C,62500,M,22,PS,75000,-1.07977,N
C,62500,F,32,S,7500,-1.29617,N
C,62500,F,68,P,35000,-1.29617,N
C,62500,M,22,PS,35000,-1.29617,N
C,15000,M,48,P,15000,-0.75604,N
C,15000,M,31,P,7500,0.36202,Y
C,15000,F,25,S,15000,-0.86459,N
C,15000,M,39,P,35000,1.47024,Y
C,15000,F,22,P,15000,1.54808,Y
C,15000,M,19,S,35000,-0.98933,N
C,15000,M,18,P,35000,-0.99498,N
C,15000,F,37,S,15000,0.42459,Y
C,15000,M,21,P,35000,-0.72868,N
C,15000,M,54,P,7500,-1.09392,N
C,15000,M,32,S,35000,-1.18933,N
C,15000,M,70,PS,15000,1.29276,Y
C,15000,M,42,S,35000,1.10717,Y
C,15000,M,20,PS,125000,0.4198,N
C,15000,F,64,P,7500,1.25272,Y
C,15000,M,21,PS,35000,1.44401,Y
C,15000,M,57,P,2500,-0.64767,N
C,15000,F,57,P,2500,1.44738,Y
C,15000,F,56,P,7500,-1.29617,N
C,250000,F,35,S,200000,-1.11826,N
C,250000,M,66,P,75000,1.46885,Y
C,250000,M,23,S,35000,-1.25795,N
C,250000,F,28,S,35000,-1.29617,N
C,250000,F,62,P,15000,-1.29617,N
C,250000,M,28,P,2500,-1.29617,N
C,250000,M,39,P,15000,0.75644,Y
C,250000,F,42,S,35000,1.22853,Y
C,250000,F,23,S,7500,-1.29617,N
C,250000,M,19,S,35000,-1.1113,N
C,250000,M,59,S,15000,-1.29617,N
C,250000,F,33,S,35000,-0.21633,N
C,250000,M,44,PS,35000,-1.18151,N
C,250000,F,57,S,15000,0.26703,Y
C,250000,M,30,P,7500,-0.96845,N
C,250000,F,22,P,2500,-0.93017,N
C,250000,F,61,NA,75000,1.29824,Y
C,250000,M,28,P,7500,-1.29617,N
C,250000,M,44,S,7500,1.37208,Y
C,250000,M,30,S,2500,-1.29617,N
C,250000,F,34,PS,15000,-1.29617,N
C,250000,F,43,P,35000,-0.56792,Y
C,250000,M,70,S,35000,-0.94371,N
C,250000,M,50,S,75000,0.53491,Y
C,250000,F,28,S,75000,-1.27876,N
C,250000,M,65,P,2500,1.47262,Y
C,250000,F,22,S,7500,-1.33198,N
C,250000,M,33,PS,75000,-1.29617,N
C,250000,M,67,S,35000,-1.29617,N
C,250000,F,70,P,35000,-1.29617,N
C,250000,F,30,S,15000,-1.29617,N
C,250000,M,58,S,15000,1.09519,Y
C,250000,F,25,S,35000,-0.65599,N
C,250000,F,42,S,15000,-0.85881,N
C,250000,M,65,S,35000,-1.29617,N
C,250000,M,24,PS,15000,-1.03486,N
C,250000,F,19,P,7500,0.4159,Y
C,250000,M,23,S,35000,-0.75072,N
C,250000,M,39,P,35000,-1.29617,N
C,250000,F,37,P,15000,-1.00723,Y
C,250000,F,22,P,15000,0.03479,Y
C,250000,M,70,P,35000,-0.69434,N
C,250000,F,22,P,35000,-1.1824,N
C,250000,F,47,P,35000,0.127,Y
C,250000,M,22,S,35000,-1.07569,N
C,250000,M,58,PS,125000,-0.64344,N
C,250000,M,31,S,35000,-1.15421,N
C,250000,F,23,S,35000,1.30163,Y
C,250000,M,39,PS,75000,0.86302,Y
C,250000,M,27,S,35000,0.87325,Y
C,250000,M,63,S,35000,-0.84928,N
C,250000,M,27,PS,200000,-0.22146,Y
C,250000,M,62,P,15000,-1.29617,N
C,250000,M,19,S,2500,-1.22301,N
C,250000,M,18,S,2500,-1.30351,Y
C,250000,F,34,S,7500,-1.25795,N
C,250000,F,39,P,75000,1.50846,Y
C,250000,F,26,PS,35000,-0.97459,N
C,250000,M,59,PS,200000,0.84207,Y
C,250000,F,53,PS,15000,1.38659,Y
C,250000,F,26,PS,125000,-0.8109,N
C,250000,F,56,P,7500,-1.29617,N
C,250000,F,27,S,35000,1.34452,Y
C,250000,M,65,P,2500,-1.17732,N
C,250000,F,63,P,15000,-1.29617,N
C,250000,M,29,P,7500,-1.29617,N
C,250000,F,37,PS,35000,-1.29617,N
C,250000,F,32,S,200000,1.23437,Y
C,250000,M,25,S,125000,-0.80253,N
C,250000,M,70,S,75000,1.39831,Y
C,250000,M,60,S,200000,1.3094,Y
C,250000,M,48,S,200000,-0.54021,N
C,250000,F,22,PS,75000,-1.06935,N
C,250000,F,30,PS,35000,-0.1658,Y
C,250000,M,31,PS,75000,1.13365,Y
C,250000,F,45,S,35000,-0.90844,N
C,250000,F,70,S,35000,-1.19739,N
C,250000,F,23,PS,200000,-1.1886,N
C,250000,M,65,PS,35000,1.5877,Y
C,250000,F,37,S,7500,-1.29629,N
C,250000,M,24,S,75000,-0.68517,N
C,250000,F,18,S,15000,-1.25795,N
C,250000,M,41,P,2500,-1.29617,N
C,250000,F,28,S,15000,-1.25795,N
C,250000,F,19,S,15000,-0.08274,Y
C,8750,F,40,S,15000,0.80306,Y
C,8750,F,69,P,7500,1.32322,Y
C,8750,M,70,P,200000,0.51325,Y
C,8750,M,34,P,15000,1.5877,Y
C,8750,F,24,P,15000,1.12054,Y
C,8750,M,35,P,15000,-0.21059,N
C,8750,F,53,P,35000,1.29609,Y
C,8750,M,31,S,35000,1.48693,Y
C,8750,M,62,P,75000,-1.14049,N
C,8750,M,20,S,75000,-0.08662,N
C,8750,F,20,PS,35000,-0.88127,N
C,8750,F,50,P,2500,-1.13456,N
C,125000,F,36,S,35000,-1.18401,N
C,125000,M,63,P,75000,-0.34932,Y
C,125000,M,59,S,125000,1.33168,Y
C,125000,M,25,PS,75000,-0.04547,N
C,125000,F,23,S,35000,0.58791,Y
C,125000,M,21,PS,75000,-1.14049,N
C,125000,F,58,S,200000,1.21521,Y
C,125000,M,41,S,75000,-0.55437,N
C,125000,F,54,P,15000,-0.5497,N
C,125000,M,29,S,75000,-1.03701,N
C,125000,M,63,S,35000,-0.26969,N
C,125000,F,59,P,15000,1.00672,Y
C,125000,M,44,P,15000,-0.13466,N
C,125000,F,32,S,35000,-0.18149,N
C,62500,F,25,P,2500,-1.29617,N
C,62500,F,38,S,35000,0.76091,Y
C,62500,F,29,P,15000,0.00293,Y
C,62500,M,40,P,7500,1.43009,Y
C,62500,M,48,S,15000,-0.09579,Y
C,62500,F,21,S,15000,-0.56194,Y
C,62500,M,27,P,15000,1.5877,Y
C,62500,F,66,P,35000,1.40283,Y
C,62500,M,36,P,7500,-1.29617,N
C,62500,M,38,PS,7500,-1.22503,N
C,62500,F,18,P,7500,1.43653,Y
C,62500,F,53,P,2500,-1.29617,N
C,62500,M,23,S,15000,-0.60929,N
C,62500,M,60,P,15000,1.19498,Y
C,62500,F,53,P,15000,-1.29617,N
C,175000,F,39,S,35000,1.24709,Y
C,175000,F,19,S,15000,-0.66475,Y
C,175000,M,33,S,15000,-1.22285,N
C,175000,M,37,S,35000,1.43793,Y
C,175000,F,38,P,2500,-1.21695,N
C,175000,F,46,P,2500,1.54808,Y
C,175000,M,21,S,75000,0.90752,Y
C,175000,F,35,S,200000,-1.00723,N
C,175000,F,64,S,75000,-1.27876,N
C,175000,M,33,PS,125000,-1.25795,N
C,175000,M,22,S,35000,-1.05257,N
C,175000,M,36,S,15000,-0.6507,N
C,175000,F,24,S,7500,-0.98901,N
C,175000,M,30,P,15000,-1.17312,N
C,175000,F,46,P,15000,0.97835,Y
C,175000,M,18,S,15000,-0.79884,N
C,175000,F,56,P,15000,1.51126,Y
C,175000,F,20,S,15000,0.75833,Y
C,175000,M,40,S,125000,1.38337,Y
C,175000,F,18,PS,15000,-1.07377,N
C,175000,F,29,S,35000,1.11235,Y
C,175000,M,30,P,15000,-0.69377,N
C,175000,M,66,P,7500,0.55558,Y
C,175000,M,64,P,15000,0.7835,Y
C,15000,F,54,PS,75000,1.30775,Y
C,15000,M,54,S,35000,0.96337,Y
C,15000,M,18,PS,35000,-0.72698,N
C,15000,F,23,S,35000,1.28602,Y
C,15000,F,38,S,7500,0.19175,N
C,15000,M,36,S,15000,-1.11878,N
C,15000,F,33,S,35000,1.47024,Y
C,15000,F,37,PS,35000,1.34591,Y
C,15000,M,38,P,15000,-0.56775,N
C,15000,M,34,S,35000,-1.21974,N
C,15000,F,39,P,7500,1.5877,Y
C,15000,M,70,P,15000,1.5877,Y
C,15000,F,34,PS,35000,0.01279,N
C,15000,F,30,S,35000,1.07897,Y
C,15000,M,35,PS,15000,-0.97431,N
C,15000,F,31,S,2500,-0.92695,N
C,15000,M,34,S,35000,-0.70263,N
C,15000,M,59,P,15000,-1.14049,N
C,15000,F,53,P,NA,1.5877,Y
C,15000,M,44,P,7500,0.89793,Y
C,15000,F,33,P,7500,1.24161,Y
C,15000,M,22,P,15000,-1.22503,N
C,15000,M,43,P,75000,1.56817,Y
C,15000,M,22,S,15000,-0.40299,N
C,15000,M,22,S,7500,-1.29617,N
C,15000,M,30,P,7500,-1.29617,N
C,15000,F,37,P,7500,1.48894,Y
C,15000,F,38,S,35000,1.51326,Y
C,15000,M,34,S,7500,-1.14579,N
C,15000,F,30,S,35000,-1.30485,N
C,15000,M,60,P,7500,0.90604,Y
C,15000,M,45,P,15000,0.81951,Y
C,15000,M,42,P,7500,1.0111,N
C,15000,M,20,PS,15000,-1.0234,N
C,45000,F,60,P,2500,1.5877,Y
C,45000,M,53,P,2500,-1.29617,N
C,45000,F,58,P,15000,1.50846,Y
C,45000,M,28,S,7500,-0.6341,Y
C,45000,M,40,PS,35000,1.44322,Y
C,45000,F,60,P,15000,-0.62453,Y
C,45000,F,30,S,15000,-1.21873,N
C,45000,M,24,P,15000,-1.29617,N
C,45000,M,63,PS,75000,-0.98189,N
C,45000,F,25,PS,35000,1.40361,Y
C,25000,F,25,P,15000,0.84305,Y
C,25000,M,19,S,75000,0.06239,N
C,25000,M,53,S,35000,1.33246,Y
C,25000,M,44,S,35000,0.87593,Y
C,25000,F,58,P,7500,1.68665,Y
C,25000,M,22,P,15000,-1.26325,N
C,25000,M,68,P,2500,-0.80882,N
C,25000,F,30,P,15000,1.41999,Y
C,25000,M,21,P,15000,-1.06433,N
C,25000,M,38,PS,35000,-0.75159,N
C,87500,F,60,P,15000,-0.16861,N
C,87500,M,27,PS,75000,-0.73188,N
C,87500,M,26,PS,35000,-1.14103,N
C,87500,F,23,PS,35000,-0.96823,N
C,87500,F,60,P,35000,1.03942,Y
C,87500,M,52,PS,75000,-1.29617,N
C,87500,F,45,PS,35000,0.32782,Y
C,87500,M,43,P,15000,-1.11878,N
C,87500,M,35,PS,75000,-1.29617,N
C,87500,F,22,P,2500,1.3924,Y
C,87500,M,22,P,15000,-0.80408,N
C,87500,F,51,P,2500,1.47157,Y
C,175000,F,37,PS,35000,-1.05333,N
C,175000,M,40,PS,35000,-0.12877,N
C,175000,M,49,P,15000,-1.19148,N
C,175000,M,55,P,15000,-0.55326,N
C,175000,M,24,P,15000,-1.25986,N
C,175000,M,49,PS,200000,-1.21834,N
C,175000,F,53,S,15000,1.5877,Y
C,175000,F,20,P,2500,1.1384,Y
C,175000,M,20,S,15000,0.29898,Y
C,175000,F,27,PS,35000,-1.18011,N
C,175000,M,36,PS,75000,-0.70445,N
C,175000,M,50,P,15000,-1.29617,N
C,175000,F,40,P,15000,-1.29617,N
C,175000,M,21,S,75000,-1.29617,N
C,175000,M,43,P,15000,-1.29617,N
C,175000,F,39,P,7500,1.5877,Y
C,175000,M,22,S,35000,0.74317,Y
C,175000,F,42,P,15000,-1.29617,N
C,175000,F,20,P,35000,-1.14456,N
C,175000,F,29,S,15000,0.91463,Y
C,175000,F,60,P,7500,-1.15225,N
C,175000,F,35,P,15000,0.9464,Y
C,175000,M,26,S,15000,-0.79157,N
C,175000,M,19,PS,35000,0.35572,Y
C,175000,F,45,P,7500,0.44717,Y
C,175000,F,28,PS,NA,1.49096,Y
C,175000,F,28,PS,125000,0.06371,Y
C,175000,M,39,PS,200000,-0.19457,N
C,175000,F,41,PS,75000,1.41116,Y
C,175000,F,32,S,15000,-0.99973,N
C,175000,M,29,S,35000,-1.07308,N
C,175000,M,31,PS,35000,-0.7163,N
C,175000,F,42,PS,35000,-1.00592,N
C,175000,M,28,S,75000,-0.99275,N
C,25000,F,37,P,15000,1.47615,Y
C,25000,M,54,P,7500,0.96198,Y
C,25000,M,65,P,15000,0.79963,Y
C,25000,M,19,S,35000,-0.73973,N
C,25000,M,26,PS,35000,-1.08349,N
C,25000,F,45,P,15000,1.56861,Y
C,25000,F,40,P,NA,1.12691,Y
C,25000,M,39,P,7500,-1.29617,N
C,25000,M,36,P,7500,0.80323,Y
C,25000,M,47,S,15000,0.29779,Y
C,25000,F,59,P,15000,1.5877,Y
C,25000,M,23,P,NA,-1.07036,N
C,62500,F,45,P,NA,0.1523,Y
C,62500,M,52,P,2500,-0.9757,N
C,62500,M,19,PS,75000,-0.64524,N
C,62500,F,20,S,35000,0.81443,Y
C,62500,M,20,S,7500,0.71902,Y
C,62500,F,47,P,15000,0.35864,Y
C,62500,F,25,S,15000,-1.08876,N
C,62500,M,42,S,15000,1.09242,Y
C,62500,M,40,P,35000,1.43653,Y
C,62500,F,29,PS,75000,-0.83828,N
C,62500,M,40,PS,35000,-0.54836,N
C,62500,M,27,PS,35000,-1.25795,N
C,62500,F,38,S,75000,0.04945,Y
C,62500,F,45,P,35000,-1.25861,N
C,62500,M,25,S,35000,-1.00739,N
C,62500,M,50,P,15000,-0.82423,N
C,15000,F,20,S,NA,0.36649,Y
C,15000,F,65,S,15000,0.25733,Y
C,15000,M,42,S,7500,-0.82337,N
C,15000,F,48,P,15000,0.57449,Y
C,15000,M,46,S,35000,-0.2559,N
C,15000,M,48,P,7500,1.00124,Y
C,15000,M,29,P,7500,1.28046,Y
C,15000,F,18,P,2500,-0.76832,Y
C,15000,M,23,S,7500,0.02383,Y
C,15000,M,70,P,7500,-1.29617,N
C,15000,F,46,P,2500,0.69169,Y
C,15000,M,70,P,7500,1.3601,Y
C,25000,F,69,P,7500,1.32047,Y
C,25000,M,22,P,7500,1.35787,Y
C,25000,F,20,P,35000,1.08088,Y
C,25000,F,46,P,2500,0.75797,Y
C,25000,M,61,P,2500,1.47615,Y
C,25000,F,41,P,7500,1.4045,Y
C,25000,M,18,P,2500,-1.22876,N
C,25000,M,50,P,7500,1.45616,Y
C,25000,F,28,S,15000,1.55465,Y
C,25000,F,19,S,7500,1.50229,Y
C,25000,F,32,P,7500,1.5877,Y
C,25000,M,22,S,15000,-0.95379,N
C,25000,F,60,P,7500,1.5877,Y
C,25000,M,64,P,7500,1.43653,Y
C,25000,F,40,S,NA,1.17767,Y
C,25000,F,30,S,35000,0.68807,Y
C,25000,M,65,P,NA,1.5877,Y
C,25000,M,70,P,NA,1.5877,Y
C,25000,M,24,PS,15000,-1.19137,N
C,25000,F,21,P,15000,1.33829,Y
C,25000,F,49,S,7500,1.35481,Y
C,25000,M,24,P,15000,-1.22258,N
C,25000,M,18,S,75000,-0.88064,N
C,25000,F,18,S,35000,0.34316,Y
C,25000,M,27,P,35000,-0.02385,Y
S,125000,M,18,S,15000,1.29424,Y
S,125000,M,44,P,2500,-1.29617,N
S,125000,F,31,PS,15000,-1.29617,N
S,125000,F,58,S,35000,-1.29617,N
S,125000,M,68,P,7500,-1.29617,N
S,125000,F,47,P,7500,1.54802,Y
S,125000,F,32,S,NA,0.92815,Y
S,125000,F,22,P,7500,0.5492,Y
S,125000,M,40,PS,75000,1.43203,Y
S,125000,M,35,P,2500,1.17367,Y
S,125000,M,65,S,15000,1.1643,Y
S,125000,F,18,P,7500,1.26956,Y
S,125000,F,22,S,7500,0.96938,Y
S,125000,M,23,S,15000,-0.73957,N
S,125000,M,21,P,2500,1.25084,Y
S,125000,F,54,P,15000,0.69887,Y
S,45000,M,25,P,2500,1.25306,Y
S,45000,M,48,S,35000,-1.29617,N
S,45000,M,37,PS,35000,0.19914,Y
S,45000,F,18,S,7500,1.31037,Y
S,45000,M,53,PS,75000,1.48547,Y
S,45000,M,25,PS,35000,1.1538,Y
S,45000,F,54,S,7500,-0.2688,N
S,45000,F,60,P,75000,-0.89149,Y
S,45000,F,18,P,75000,-0.97181,N
S,45000,F,49,PS,2500,-0.86092,N
S,45000,M,30,P,7500,1.04754,Y
S,15000,M,33,P,7500,0.20483,Y
S,15000,F,36,P,7500,-1.26247,N
S,15000,M,62,P,2500,1.30792,Y
S,15000,F,21,S,15000,-0.78802,N
S,15000,M,36,P,15000,-0.72822,N
S,15000,M,25,S,15000,-1.18323,N
S,15000,M,63,P,2500,1.43793,Y
S,15000,M,26,S,35000,-1.10367,N
S,15000,M,27,PS,35000,-0.50424,N
S,15000,F,61,P,7500,1.1493,Y
S,15000,M,27,P,2500,1.09701,Y
S,15000,M,53,S,35000,0.71448,Y
S,8750,M,36,P,7500,1.0188,Y
S,8750,M,19,P,7500,0.83115,Y
S,8750,M,28,S,15000,-1.00723,N
S,8750,F,50,P,7500,-1.08585,N
S,8750,F,20,P,2500,-0.96528,N
S,8750,M,65,P,7500,0.93522,Y
S,8750,F,36,P,7500,1.55399,Y
S,8750,M,60,S,125000,0.97823,Y
S,8750,F,28,S,35000,1.40361,Y
S,8750,M,28,S,35000,1.33246,Y
S,8750,F,48,S,7500,1.43732,Y
S,8750,M,58,P,7500,1.5877,Y
S,8750,F,19,S,35000,0.81609,Y
S,8750,M,23,S,75000,1.32935,Y
S,8750,M,37,P,15000,1.51284,N
S,125000,F,31,S,7500,0.90908,Y
S,125000,M,27,P,7500,-1.1464,N
S,125000,M,41,S,15000,-0.9406,N
S,125000,M,37,P,15000,0.74986,Y
S,125000,M,25,P,7500,0.96249,Y
S,125000,F,42,P,7500,0.401,Y
S,125000,F,23,P,2500,1.5877,Y
S,125000,F,32,S,15000,1.55477,Y
S,125000,M,59,S,2500,-0.69048,Y
S,125000,M,28,S,15000,1.36539,Y
S,125000,F,42,P,15000,1.39692,Y
S,125000,M,36,S,35000,0.16282,Y
S,125000,M,26,S,35000,1.25257,Y
S,125000,F,42,P,15000,0.31096,Y
S,125000,F,18,S,35000,1.40361,Y
S,125000,F,35,PS,35000,-0.31346,N
S,25000,F,45,P,15000,1.27441,Y
S,25000,M,62,P,15000,0.99792,Y
S,25000,F,21,P,15000,1.09549,Y
S,25000,F,40,P,35000,0.10905,Y
S,25000,M,19,P,35000,-0.97943,N
S,25000,M,22,S,15000,-0.08141,Y
S,25000,M,48,PS,15000,0.80633,Y
S,25000,F,38,S,15000,1.27567,Y
S,25000,M,23,S,15000,-0.96901,N
S,25000,F,47,P,7500,0.14576,Y
S,25000,F,35,S,7500,1.54808,Y
S,25000,M,24,S,2500,0.24455,Y
S,25000,F,22,S,15000,1.43793,Y
S,25000,M,59,P,2500,1.39241,Y
S,25000,M,30,S,7500,-0.37017,Y
S,25000,M,26,P,7500,1.18326,Y
S,25000,F,41,S,15000,1.36173,Y
S,25000,F,21,PS,15000,-1.29617,N
S,25000,M,36,P,7500,-0.0493,N
S,25000,M,42,P,2500,0.12341,Y
S,25000,F,22,PS,35000,-0.7125,N
S,25000,M,20,P,7500,0.2575,Y
S,25000,F,37,P,2500,1.5877,Y
S,25000,M,23,S,2500,-1.19739,N
S,25000,F,24,P,2500,1.46885,Y
S,25000,M,55,P,7500,1.47615,Y
S,250000,M,48,PS,35000,0.40498,Y
S,250000,F,23,S,35000,-1.29293,N
S,250000,M,40,S,35000,-1.1517,N
S,250000,M,20,S,35000,0.98762,Y
S,250000,F,38,PS,75000,0.05047,Y
S,250000,F,26,S,15000,-0.88716,N
S,250000,M,55,S,35000,-0.1693,N
S,250000,M,39,PS,75000,-0.9353,N
S,250000,M,33,P,NA,-1.03486,N
S,250000,F,65,P,NA,0.32554,Y
S,250000,M,21,PS,75000,-0.80281,N
S,250000,F,33,S,75000,-1.0632,N
S,250000,M,42,PS,125000,-1.03503,N
S,250000,F,24,S,35000,1.26582,Y
S,250000,F,21,S,15000,-0.05113,Y
S,250000,F,26,P,7500,0.64423,Y
S,250000,F,53,P,7500,-0.07279,N
S,250000,M,21,P,15000,0.53116,Y
S,250000,M,60,P,35000,1.40283,Y
S,250000,F,28,S,7500,-1.14049,N
S,250000,F,19,S,35000,-1.09015,N
S,250000,M,45,PS,35000,-0.56055,N
S,250000,M,18,S,15000,-0.92939,N
S,250000,M,21,S,15000,-0.16832,N
S,250000,F,37,P,35000,1.04304,Y
S,250000,F,24,P,7500,-0.88666,Y
S,250000,M,36,PS,75000,-1.2204,N
S,250000,F,39,PS,200000,-1.19438,N
S,250000,F,18,PS,NA,0.37771,Y
S,250000,F,40,PS,200000,1.3454,Y
S,250000,M,55,PS,200000,-1.21974,N
S,250000,M,22,PS,15000,-0.81078,N
S,250000,M,25,PS,35000,1.3274,Y
S,250000,F,39,P,75000,-0.28245,N
S,250000,F,39,S,15000,-1.30713,N
S,250000,F,50,NA,2500,-1.29617,N
S,250000,M,22,PS,35000,-1.1517,N
S,250000,M,47,S,15000,-0.97273,N
S,250000,F,23,S,2500,1.35949,Y
S,250000,M,29,PS,NA,0.96494,Y
S,250000,M,37,S,15000,-0.48129,N
S,250000,F,24,S,15000,-1.18602,N
S,250000,M,65,P,15000,-1.29617,N
S,250000,M,41,S,75000,-0.78299,N
S,250000,M,22,S,15000,-0.69824,N
S,250000,F,40,P,2500,-1.22285,N
S,250000,F,30,S,7500,-0.72077,N
S,250000,M,31,PS,15000,-1.05625,N
S,250000,M,29,PS,15000,-0.08136,N
S,250000,F,48,P,7500,-1.29617,N
S,250000,F,53,P,2500,0.55703,Y
S,250000,F,22,P,15000,-1.05197,Y
S,250000,M,30,S,7500,-1.04084,N
S,250000,M,43,S,15000,-1.29617,N
S,250000,M,38,S,15000,-1.21232,N
S,250000,M,40,PS,75000,-1.11744,N
S,250000,F,66,PS,75000,-1.04075,N
S,250000,M,30,PS,75000,-1.06681,N
S,250000,F,26,S,35000,1.39831,Y
S,250000,F,28,S,7500,-1.00003,N
S,250000,M,35,P,15000,0.34456,Y
S,250000,M,65,P,2500,-1.29617,N
S,250000,M,22,S,35000,-0.29019,Y
S,250000,F,53,P,2500,1.5877,Y
S,250000,F,18,P,2500,0.43869,N
S,250000,M,33,S,35000,-0.97949,N
S,250000,M,53,P,7500,-1.10088,N
S,250000,M,33,P,15000,1.47476,Y
S,250000,F,34,P,7500,-0.9089,N
S,250000,F,36,P,15000,0.47789,Y
S,250000,F,38,S,75000,-0.67253,N
S,250000,M,22,S,15000,-0.88058,N
S,250000,F,18,PS,35000,-1.06673,N
S,250000,F,31,PS,75000,-1.07899,N
S,250000,F,18,S,7500,-0.99975,N
S,250000,M,56,PS,35000,-1.20544,N
S,250000,F,70,S,35000,1.43203,N
S,250000,M,29,PS,NA,-1.25656,N
S,250000,F,22,PS,7500,-1.29617,N
S,250000,M,30,P,15000,0.25023,Y
S,250000,F,25,S,15000,0.81611,Y
S,25000,F,22,PS,15000,-1.06129,N
S,25000,F,63,P,15000,-0.27926,Y
S,25000,M,57,P,15000,0.74066,Y
S,25000,M,22,S,35000,-1.19945,N
S,25000,F,21,S,2500,-0.80256,N
S,25000,F,51,PS,35000,1.38626,Y
S,25000,M,36,PS,15000,-0.90237,N
S,25000,M,25,P,15000,-0.79222,N
S,25000,M,58,S,75000,1.55477,Y
S,25000,F,59,P,15000,-1.29617,N
S,25000,M,28,P,7500,-1.11956,N
S,25000,F,21,S,35000,-0.40754,N
S,25000,M,21,PS,15000,-0.79464,N
S,25000,F,38,PS,75000,-1.29617,N
S,25000,F,60,S,15000,1.43203,Y
S,25000,F,25,P,15000,-0.76597,N
S,15000,M,20,P,7500,-0.44311,N
S,15000,M,58,P,7500,1.46885,Y
S,15000,M,58,P,7500,1.68819,Y
S,15000,F,69,S,15000,1.03459,Y
S,15000,M,29,P,15000,0.32316,Y
S,15000,F,47,S,7500,-1.00879,N
S,15000,F,27,S,7500,-1.00877,N
S,15000,M,69,P,7500,1.5877,Y
S,15000,F,70,P,7500,0.90441,Y
S,15000,M,35,P,7500,0.17868,Y
S,15000,M,19,S,15000,-0.86197,N
S,15000,F,37,P,7500,1.5877,Y
S,15000,F,21,S,15000,-0.99603,N
S,15000,M,20,P,7500,-0.96762,N
S,45000,M,28,S,15000,-1.1464,N
S,45000,M,41,S,35000,-0.21053,N
S,45000,M,23,P,2500,0.95611,N
S,45000,F,36,S,15000,-1.04877,N
S,45000,F,27,S,7500,-1.21695,N
S,45000,M,64,S,15000,-0.88369,N
S,45000,M,31,S,7500,-1.04155,N
S,45000,M,49,PS,7500,0.4324,Y
S,45000,M,25,PS,15000,-1.29617,N
S,45000,F,33,P,7500,-0.25351,N
S,45000,F,22,P,15000,-0.72379,Y
S,45000,M,63,P,35000,0.81197,Y
S,45000,F,67,P,7500,-0.62189,N
S,45000,F,49,P,15000,-1.29617,N
S,45000,M,30,PS,15000,-0.51062,N
S,25000,F,58,P,2500,-0.93163,N
S,25000,M,66,P,2500,1.48145,Y
S,25000,F,28,P,7500,1.25522,Y
S,25000,M,20,S,2500,0.0072,N
S,25000,M,49,P,7500,1.29306,Y
S,25000,F,30,S,7500,1.5877,Y
S,25000,F,67,P,15000,1.39971,Y
S,25000,F,31,P,7500,1.24248,Y
S,25000,M,29,P,2500,-1.29617,N
S,25000,M,69,P,7500,1.18476,Y
S,25000,F,27,S,15000,0.35728,Y
S,25000,F,20,P,2500,1.22013,Y
S,25000,F,38,P,15000,0.95449,Y
S,25000,M,64,P,NA,0.34505,N
S,25000,M,24,S,7500,0.36676,N
S,8750,F,38,S,15000,1.18423,Y
N,8750,F,32,P,7500,1.22566,Y
S,8750,F,24,P,7500,1.38957,Y
S,8750,F,37,S,7500,1.33244,Y
S,8750,M,50,P,7500,1.5935,Y
S,8750,M,50,P,7500,1.19527,Y
S,8750,M,26,S,7500,1.2728,Y
S,8750,M,37,PS,7500,-1.04106,N
S,8750,F,20,P,2500,1.47476,Y
S,8750,M,38,P,15000,1.5038,Y
S,8750,F,26,P,7500,1.20337,Y
S,8750,M,46,S,7500,1.44322,Y
S,8750,F,37,P,2500,1.456,Y
S,45000,F,46,PS,35000,1.17549,Y
S,45000,M,47,S,75000,-1.22876,N
S,45000,F,20,S,35000,0.2422,N
S,45000,M,26,P,15000,0.67166,Y
S,45000,M,19,S,75000,1.21306,Y
S,45000,F,20,S,15000,1.19375,Y
S,45000,F,65,P,7500,1.5877,Y
S,45000,M,45,P,7500,1.5877,Y
S,45000,M,27,S,35000,0.83702,Y
S,45000,F,33,PS,15000,1.47024,Y
S,45000,M,37,PS,35000,-0.26722,N
S,45000,F,39,P,NA,1.31511,Y
S,45000,M,32,P,35000,1.3526,Y
S,45000,F,44,P,15000,1.13002,Y
S,25000,F,58,P,7500,0.50186,N
S,25000,M,47,S,35000,1.47615,Y
S,25000,F,20,S,NA,1.27928,Y
S,25000,F,45,P,7500,1.5877,Y
S,25000,M,21,S,15000,1.08435,Y
S,25000,F,18,PS,35000,1.36539,Y
S,25000,F,25,PS,35000,-1.29617,N
S,25000,M,65,PS,35000,-1.22876,N
S,25000,F,47,P,2500,1.5877,Y
S,25000,M,56,P,7500,0.229,N
S,25000,M,59,P,15000,-0.2766,Y
S,25000,F,23,P,7500,0.27658,Y
S,25000,M,19,S,15000,1.29798,Y
S,25000,M,38,S,35000,-0.28181,N
S,25000,F,48,P,7500,0.36525,Y
S,25000,M,27,P,7500,1.47024,Y
S,25000,F,18,P,7500,-1.29617,N
S,25000,M,26,P,7500,0.9508,Y
S,25000,M,24,P,15000,-1.15693,N
S,25000,M,29,S,15000,-0.33243,N
S,25000,F,33,P,7500,1.29012,Y
S,25000,F,58,P,7500,NA,Y
S,25000,M,36,S,15000,1.50846,Y
S,25000,M,35,S,35000,1.00996,Y
S,25000,F,54,S,35000,-1.21695,N
S,25000,M,46,S,75000,1.48735,Y
S,25000,F,24,S,35000,-0.26866,N
S,25000,F,24,P,2500,0.90932,Y
S,25000,M,20,PS,35000,-0.08054,Y
S,25000,M,41,S,35000,0.82505,Y
S,25000,M,48,P,15000,-0.70898,N
S,25000,F,34,P,7500,1.2641,Y
S,25000,M,43,P,15000,0.97998,Y
S,25000,M,18,S,7500,-0.85414,N
S,25000,F,36,P,7500,1.58486,Y
S,25000,F,57,P,7500,-0.35168,N
S,250000,M,36,PS,75000,1.43653,Y
S,250000,F,43,P,7500,-0.20299,Y
S,250000,F,38,P,15000,-0.44442,N
S,250000,F,22,S,35000,0.32842,Y
S,250000,M,36,S,35000,1.12564,Y
S,250000,M,29,S,75000,-1.08646,N
S,250000,M,45,S,75000,1.01395,Y
S,250000,F,38,S,35000,-1.29617,N
S,250000,M,48,P,35000,0.11316,Y
S,250000,F,29,PS,200000,-1.29617,N
S,250000,F,49,S,125000,0.06119,Y
S,250000,M,18,S,75000,-1.22285,N
S,250000,F,32,PS,75000,1.01661,Y
S,250000,F,39,P,7500,-0.55281,N
S,250000,M,65,PS,35000,-1.23032,N
S,250000,F,52,P,15000,-0.87337,N
S,250000,M,64,P,7500,-1.12468,N
S,250000,M,20,P,15000,-0.68757,N
S,250000,F,40,P,7500,-0.03691,Y
S,250000,M,68,S,35000,-1.04094,N
S,250000,M,31,P,15000,1.36267,Y
S,250000,M,23,S,125000,-1.06402,N
S,250000,M,22,S,35000,-0.96697,N
S,15000,F,59,P,75000,1.325,Y
S,15000,F,23,S,35000,1.51515,Y
S,15000,F,41,P,7500,-0.72318,N
S,15000,M,43,P,15000,0.59896,Y
S,15000,M,23,PS,7500,1.5877,Y
S,15000,F,35,P,15000,1.5877,Y
S,15000,M,60,P,7500,0.57763,N
S,15000,F,35,PS,35000,1.5877,Y
S,15000,M,22,P,7500,0.67327,N
S,15000,M,25,P,15000,-0.97709,N
S,15000,M,66,P,15000,1.57366,Y
S,15000,F,33,P,15000,1.40952,Y
S,15000,M,59,P,7500,1.5877,Y
S,15000,F,67,P,7500,0.51637,N
S,15000,M,21,P,15000,-1.00723,N
S,15000,M,54,P,15000,0.20137,Y
N,15000,M,21,PS,35000,1.29424,Y
S,15000,M,55,S,35000,-1.29617,N
S,15000,M,66,P,15000,-1.29617,N
S,15000,M,68,P,7500,0.97936,Y
S,15000,F,20,P,2500,0.09844,Y
S,15000,M,23,S,35000,-1.11878,N
S,15000,M,27,S,7500,0.57369,Y
S,15000,F,43,P,7500,1.06426,Y
S,15000,M,43,P,35000,-0.54177,N
S,15000,M,37,S,35000,1.26614,Y
S,25000,F,21,S,35000,-0.80987,N
S,25000,M,30,S,35000,0.30179,Y
S,25000,M,30,S,2500,1.00098,Y
S,25000,M,21,P,35000,-0.35694,N
S,25000,M,57,P,7500,0.10233,Y
S,25000,M,27,S,15000,-0.43537,N
S,25000,F,18,S,2500,1.56059,Y
S,25000,F,25,P,7500,1.36755,Y
S,25000,F,49,P,2500,0.16314,Y
S,25000,M,18,S,7500,-1.21834,N
S,25000,M,47,PS,35000,-1.14049,N
S,25000,F,22,P,15000,1.54947,Y
S,125000,M,43,PS,75000,-0.92993,N
S,125000,F,52,P,15000,0.9584,Y
S,125000,M,18,S,15000,-0.98612,N
S,125000,M,28,PS,75000,-1.14049,N
S,125000,M,43,P,200000,1.50201,Y
S,125000,F,23,S,35000,-1.26853,N
S,125000,M,23,PS,35000,-1.03486,N
S,125000,F,20,PS,35000,-1.0495,N
S,125000,F,33,P,75000,-1.29617,N
S,125000,F,38,PS,125000,-0.15788,N
S,125000,M,37,P,35000,1.28625,Y
S,125000,M,22,PS,200000,1.12564,Y
S,125000,M,42,PS,200000,1.54808,Y
S,125000,F,19,PS,200000,1.54808,Y
S,15000,M,41,P,15000,1.37299,Y
S,15000,F,23,S,7500,0.68101,Y
S,15000,F,44,P,75000,1.40449,Y
S,15000,F,33,P,15000,-1.29617,N
S,15000,M,19,S,15000,1.71355,Y
S,15000,M,37,P,35000,1.43203,Y
S,15000,F,26,PS,35000,-1.04234,N
S,15000,M,40,PS,75000,0.41409,N
S,15000,M,22,P,15000,1.14114,Y
S,15000,M,32,P,15000,1.45955,Y
S,15000,F,19,P,2500,0.50295,Y
S,15000,M,34,S,75000,1.36617,Y
S,15000,M,69,P,15000,1.39479,Y
S,15000,F,32,S,35000,0.52178,Y
S,15000,F,39,P,2500,0.39966,Y
S,25000,F,31,P,7500,1.50986,Y
S,25000,M,63,S,35000,1.01347,Y
S,25000,M,52,S,7500,0.77456,Y
S,25000,F,44,P,35000,0.52212,Y
S,25000,F,59,P,7500,-1.29617,Y
S,25000,F,31,S,15000,1.00888,Y
S,25000,F,45,S,7500,1.09242,Y
S,25000,M,37,PS,7500,-0.61342,N
S,25000,M,21,P,7500,0.73054,Y
S,125000,F,32,PS,35000,1.06803,Y
S,125000,M,47,P,35000,-1.18323,N
S,125000,M,18,S,35000,-0.92939,N
S,125000,M,34,S,15000,-0.75084,N
S,125000,F,24,S,35000,-1.25795,N
S,125000,F,52,P,35000,1.09454,Y
S,125000,F,54,P,35000,1.34252,Y
S,125000,M,34,P,7500,-0.84411,N
S,125000,M,39,S,75000,-1.14049,N
S,125000,F,55,P,2500,-1.00723,N
S,125000,F,21,P,15000,0.11541,Y
S,125000,M,18,S,7500,-1.15309,N
S,125000,M,70,S,75000,1.05894,Y
S,125000,F,31,S,125000,1.43203,Y
S,125000,F,35,PS,75000,1.03393,Y
S,125000,F,40,S,35000,0.43786,Y
S,125000,M,27,PS,125000,-0.32494,N
S,125000,F,28,P,15000,1.49187,Y
S,125000,F,41,P,15000,-0.66172,N
S,125000,M,19,S,7500,-0.17095,Y
S,125000,M,47,S,35000,1.43203,Y
S,125000,M,30,S,15000,-0.93468,N
S,125000,M,22,S,15000,-1.18993,N
S,125000,F,43,S,15000,1.03251,Y
S,125000,F,67,P,15000,1.00184,Y
S,125000,M,22,S,35000,-0.84201,N
S,125000,F,29,P,7500,1.44774,Y
S,125000,F,24,S,35000,1.24184,Y
S,125000,M,49,P,35000,1.5877,Y
S,15000,F,21,P,7500,-1.14317,N
S,15000,F,58,P,15000,1.32577,Y
S,15000,M,62,S,35000,1.12272,Y
S,15000,M,47,S,125000,0.66292,Y
S,15000,M,23,S,15000,-1.00193,N
S,15000,F,30,S,7500,0.99168,Y
S,15000,F,36,PS,75000,1.47693,Y
S,15000,F,31,P,15000,1.31661,Y
S,15000,M,26,P,2500,-1.15762,N
S,15000,M,24,P,NA,NA,N
S,15000,F,48,P,75000,1.5877,Y
S,15000,M,60,P,15000,1.16179,Y
S,15000,F,27,P,7500,1.35,N
S,125000,F,44,S,7500,-0.6549,N
S,125000,F,22,S,7500,-1.10678,N
S,125000,M,63,P,35000,1.32162,Y
S,125000,M,28,S,35000,0.1252,Y
S,125000,M,27,PS,35000,-0.99172,N
S,125000,F,24,S,75000,1.37068,Y
S,125000,M,32,S,15000,-1.18173,N
S,125000,F,25,P,7500,-0.70047,N
S,125000,F,59,P,NA,NA,Y
S,125000,M,41,S,15000,0.99704,N
S,125000,F,49,P,35000,1.23693,Y
S,125000,M,39,PS,75000,-0.83444,N
S,125000,F,25,S,35000,0.29024,Y
S,125000,M,20,S,35000,-0.42725,Y
S,125000,F,39,P,75000,-0.11784,Y
S,25000,F,22,PS,15000,1.00318,Y
S,25000,F,41,P,7500,1.00528,Y
S,25000,M,64,PS,35000,1.5877,Y
S,25000,M,18,S,15000,-0.839,N
S,25000,F,19,S,7500,0.22416,N
S,25000,M,38,P,15000,1.4029,Y
S,25000,F,43,P,2500,-1.26524,N
S,25000,M,26,P,35000,-0.41063,N
S,25000,F,33,S,35000,0.55175,Y
S,25000,F,40,P,2500,-0.30396,Y
S,25000,F,70,P,15000,1.32577,Y
S,25000,M,43,P,35000,0.61457,Y
S,25000,M,22,P,15000,1.51655,Y
S,25000,F,24,S,35000,0.46682,N
S,25000,F,24,P,35000,-0.25323,Y
S,25000,M,38,P,35000,0.66157,Y
S,25000,M,25,S,75000,1.25199,Y
S,25000,M,60,P,7500,0.34221,N
S,25000,F,37,S,7500,-1.25899,Y
S,25000,F,26,P,7500,0.79717,Y
S,25000,M,34,PS,75000,1.36206,Y
S,25000,M,42,PS,125000,-1.03027,N
S,25000,F,23,S,15000,-1.18602,N
S,25000,M,45,P,7500,-1.14952,N
S,25000,F,30,S,2500,-1.04842,N
S,25000,M,30,S,2500,1.43653,Y
S,25000,F,66,P,15000,1.5877,Y
S,25000,F,22,P,2500,-0.97507,N
S,25000,F,38,S,35000,-1.045,N
S,25000,M,35,S,35000,-1.21974,N
S,25000,M,65,P,15000,-1.29617,N
S,25000,M,59,S,35000,0.76631,Y
S,25000,M,28,P,35000,1.27034,Y
S,25000,F,21,S,35000,0.61585,Y
S,25000,F,64,S,75000,-0.03354,N
SA,250000,M,33,S,35000,-1.06452,N
SA,250000,M,50,P,15000,0.45059,Y
SA,250000,F,25,PS,35000,-1.29617,N
SA,250000,F,55,S,15000,-1.10897,N
SA,250000,M,27,PS,35000,0.20291,Y
SA,250000,M,20,S,15000,-1.05543,N
SA,250000,F,22,S,NA,-0.26023,N
SA,250000,M,40,PS,75000,1.24546,Y
SA,250000,M,45,P,35000,-1.1113,N
SA,250000,F,23,S,35000,0.62692,Y
SA,250000,M,18,S,NA,-0.50453,N
SA,250000,M,28,PS,75000,-0.93008,N
SA,250000,M,44,S,75000,1.5877,Y
SA,250000,F,45,P,15000,-0.49024,Y
SA,250000,M,33,PS,35000,-0.58329,N
SA,250000,M,53,PS,35000,-1.034,N
SA,250000,F,24,PS,35000,-1.29617,N
SA,250000,F,47,PS,75000,-0.40469,N
SA,250000,F,36,PS,35000,-1.05877,N
SA,250000,M,45,PS,125000,1.29875,Y
SA,250000,F,39,S,125000,1.5877,Y
SA,250000,M,20,S,75000,-0.78955,N
SA,250000,M,50,P,15000,0.02737,Y
SA,250000,F,67,P,7500,0.84968,Y
SA,250000,F,30,S,35000,0.60127,Y
SA,250000,F,65,P,15000,-1.06347,N
SA,250000,F,57,P,15000,0.06283,Y
SA,250000,M,28,S,15000,-1.02236,Y
SA,250000,M,36,PS,15000,-1.15236,N
SA,250000,F,22,S,NA,-1.01895,N
SA,250000,M,38,PS,35000,-0.50707,N
SA,250000,F,52,S,15000,-1.10692,N
SA,250000,F,21,PS,15000,-0.89847,N
SA,250000,F,23,PS,35000,-1.29617,N
SA,250000,M,36,S,75000,1.25914,Y
SA,250000,M,65,P,35000,1.55312,Y
SA,250000,F,32,P,2500,1.29311,Y
SA,250000,F,44,PS,125000,1.47615,Y
SA,250000,M,57,P,35000,-1.29617,N
SA,250000,M,50,P,15000,0.6546,Y
SA,250000,F,20,PS,35000,0.88345,Y
SA,250000,F,33,S,35000,0.94201,Y
SA,250000,M,20,S,35000,0.42371,N
SA,250000,M,36,S,35000,0.35407,Y
SA,250000,M,70,S,15000,1.4103,Y
SA,250000,M,67,P,7500,-1.07308,N
SA,250000,M,37,S,15000,-0.92721,N
SA,250000,F,26,S,15000,1.36523,Y
SA,250000,F,39,S,15000,0.63292,Y
SA,250000,M,45,P,15000,-0.68375,N
SA,250000,M,24,PS,35000,1.47164,Y
SA,250000,F,45,P,15000,-1.26247,N
SA,250000,M,50,P,7500,-1.29617,N
SA,250000,M,35,PS,75000,-0.8322,N
SA,250000,M,28,S,15000,1.37129,Y
SA,250000,M,47,P,7500,-1.29617,N
SA,250000,M,21,S,15000,-1.04205,N
SA,250000,F,39,P,35000,-1.17235,N
SA,250000,F,20,PS,35000,-0.04348,N
SA,250000,M,63,P,15000,1.5877,Y
SA,250000,M,32,S,2500,-0.6265,N
SA,250000,F,43,P,15000,1.33205,Y
SA,250000,M,30,S,35000,1.24611,Y
SA,250000,F,20,S,15000,1.4186,Y
SA,250000,M,27,PS,35000,-0.76483,N
SA,250000,F,20,P,7500,0.96737,Y
SA,250000,F,24,S,7500,-1.29617,N
SA,250000,F,49,P,35000,-1.06985,N
SA,250000,M,18,S,35000,0.27038,N
SA,250000,M,37,PS,35000,-0.55383,N
SA,250000,F,22,S,75000,1.40347,Y
SA,250000,M,36,S,15000,-1.1854,N
SA,250000,F,60,P,35000,0.3834,Y
SA,250000,F,47,P,15000,0.83048,Y
SA,250000,M,43,S,35000,-0.1826,N
SA,250000,M,57,P,7500,-1.29617,N
SA,250000,M,25,S,35000,-1.29617,N
SA,250000,F,44,P,15000,1.32555,Y
SA,250000,M,24,S,15000,0.72708,Y
SA,250000,F,19,PS,35000,-0.82327,N
SA,250000,M,18,S,15000,-1.25656,N
SA,250000,F,38,P,15000,-1.29617,N
SA,250000,F,69,P,15000,1.25678,Y
SA,250000,M,21,PS,75000,0.28707,Y
SA,250000,M,42,S,35000,-0.62392,Y
SA,250000,M,49,S,35000,1.50986,Y
SA,250000,M,22,S,35000,-0.43626,N
SA,250000,F,18,S,200000,-1.18011,N
SA,250000,F,21,PS,15000,-1.21834,N
SA,250000,M,19,S,7500,-0.8308,N
SA,250000,F,60,P,35000,-0.6809,N
SA,250000,F,20,P,15000,-1.13038,N
SA,250000,F,62,S,75000,1.5877,Y
SA,250000,M,24,S,15000,-0.14715,Y
SA,250000,F,70,P,35000,1.55399,Y
SA,250000,M,21,PS,35000,-1.22285,N
SA,250000,F,50,S,75000,0.22716,Y
SA,250000,F,22,P,75000,-1.12024,N
SA,250000,F,56,S,35000,0.53532,Y
SA,250000,M,22,S,15000,-1.29617,N
SA,250000,F,42,S,35000,0.934,Y
SA,250000,M,53,P,15000,1.4277,Y
SA,250000,F,30,S,15000,-1.26325,N
SA,250000,M,24,PS,200000,-1.00115,N
SA,250000,F,37,S,35000,0.91144,Y
SA,250000,M,55,PS,15000,-1.02974,N
SA,250000,M,41,S,75000,-1.04685,N
SA,250000,M,55,P,15000,-1.16446,N
SA,250000,M,58,P,35000,-1.29617,N
SA,250000,F,30,S,15000,-1.29617,N
SA,250000,F,44,P,7500,-1.2204,N
SA,250000,M,52,P,15000,0.94667,Y
SA,250000,F,30,S,15000,-0.92566,N
SA,250000,M,18,S,15000,1.20547,Y
SA,250000,F,21,S,35000,1.32923,Y
SA,250000,M,58,S,35000,0.12745,Y
SA,250000,M,21,S,35000,-1.11348,N
SA,250000,F,43,P,7500,-1.29617,N
SA,250000,M,30,S,15000,0.66365,N
SA,250000,M,49,S,35000,-0.95176,N
SA,250000,F,54,P,2500,-0.25607,Y
SA,250000,F,23,PS,75000,0.17177,Y
SA,250000,M,60,P,35000,1.5877,Y
SA,250000,F,38,P,35000,-0.71844,Y
SA,250000,M,40,S,35000,-1.29617,N
SA,250000,F,49,P,35000,0.90167,Y
SA,250000,M,43,PS,75000,1.33092,Y
SA,250000,F,34,PS,75000,-1.22424,N
SA,250000,M,18,S,35000,-1.30351,N
SA,250000,F,68,NA,7500,0.88202,Y
SA,250000,M,52,S,7500,1.19812,Y
SA,250000,M,55,S,2500,-1.29617,N
SA,250000,M,23,S,15000,-1.29617,N
SA,250000,M,38,P,15000,-1.19739,N
SA,250000,F,46,P,7500,-0.98023,N
SA,250000,F,33,P,7500,-1.12528,N
SA,250000,M,21,S,35000,0.60084,Y
SA,250000,M,49,P,15000,1.35626,Y
SA,250000,F,21,P,15000,1.19147,Y
SA,250000,F,56,P,7500,0.38583,Y
SA,250000,M,18,S,15000,1.02608,Y
SA,250000,M,37,S,35000,-1.29617,N
SA,250000,M,22,S,7500,0.87797,N
SA,250000,F,26,S,15000,0.12779,Y
SA,250000,M,51,P,15000,1.47784,Y
SA,250000,F,56,P,15000,-1.29617,N
SA,250000,M,45,S,15000,-1.21834,N
SA,250000,M,53,P,15000,-1.18011,N
SA,250000,M,63,P,35000,-1.29617,N
SA,250000,F,25,S,7500,1.43653,Y
SA,250000,F,40,P,2500,-1.30469,N
SA,250000,F,54,P,7500,-1.21834,N
SA,250000,F,62,P,35000,0.88557,Y
SA,250000,M,26,S,15000,-0.71001,N
SA,250000,M,61,P,7500,1.01062,Y
SA,250000,F,67,NA,15000,1.05155,Y
SA,250000,M,22,P,7500,-0.04564,Y
SA,250000,M,21,S,15000,-1.29617,N
SA,250000,F,59,P,7500,-0.17956,Y
SA,250000,F,61,P,7500,0.54606,Y
SA,250000,M,27,S,35000,0.13241,Y
SA,250000,M,60,P,15000,0.55837,Y
SA,250000,M,56,P,35000,0.41755,Y
SA,250000,F,45,S,15000,0.89367,Y
SA,250000,F,18,S,35000,0.43887,Y
SA,250000,M,51,P,7500,-1.29617,N
SA,250000,M,32,S,15000,-0.84836,N
SA,250000,M,70,P,35000,0.72449,Y
SA,250000,F,20,S,15000,1.00364,Y
SA,250000,F,46,S,7500,-0.42243,N
SA,250000,F,55,P,35000,-0.55903,N
SA,250000,F,28,S,15000,-1.29617,N
SA,250000,M,23,PS,35000,-1.30351,N
SA,250000,F,47,S,15000,-1.22502,N
SA,250000,M,18,S,75000,-1.06848,N
SA,250000,F,48,P,35000,0.58275,Y
SA,250000,F,18,S,35000,-1.29617,N
SA,250000,M,27,S,7500,-1.34392,N
SA,250000,M,48,P,35000,-1.19504,N
SA,250000,M,49,S,125000,-1.25795,N
SA,250000,F,43,S,35000,0.25319,Y
SA,250000,F,19,S,75000,1.35136,Y
SA,250000,M,24,S,35000,-1.15762,N
SA,250000,M,49,PS,35000,-1.14049,N
SA,250000,M,24,PS,75000,-0.96014,N
SA,250000,M,56,S,75000,-1.10273,N
SA,250000,F,47,P,15000,1.54808,Y
SA,250000,M,45,PS,35000,-1.04016,N
SA,250000,F,26,S,15000,-1.14952,N
SA,250000,M,20,S,35000,-1.07386,N
SA,250000,F,26,S,125000,0.30352,Y
SA,250000,M,41,S,15000,-1.29617,N
SA,250000,F,42,S,75000,-1.25656,N
SA,250000,F,44,P,2500,-1.29617,N
SA,250000,M,36,P,7500,-1.29617,N
SA,250000,M,27,S,15000,-0.37315,N
SA,250000,M,24,PS,15000,-0.65961,N
SA,250000,F,30,S,35000,1.24478,Y
SA,250000,M,47,P,35000,-0.98792,N
SA,250000,F,55,P,15000,-0.10726,Y
SA,250000,F,54,P,7500,-1.29617,N
SA,250000,M,56,P,35000,-0.40479,Y
SA,250000,F,43,P,7500,-1.29617,N
SA,250000,M,68,P,7500,-0.70372,N
SA,250000,M,33,S,35000,-1.14049,N
SA,250000,M,33,S,15000,-0.10246,Y
SA,250000,M,62,S,35000,-0.96901,N
SA,250000,F,20,S,35000,-1.29617,N
SA,250000,M,58,PS,35000,-1.29617,N
SA,250000,M,22,PS,35000,-1.1517,N
SA,250000,M,37,S,35000,-1.03486,N
SA,250000,F,42,S,35000,-1.29617,N
SA,250000,F,36,S,35000,0.5922,Y
SA,250000,M,62,S,75000,1.29875,Y
SA,250000,M,33,PS,75000,-0.86276,N
SA,250000,M,45,S,35000,1.19997,Y
SA,250000,M,60,S,35000,1.5877,Y
SA,250000,F,27,S,7500,-1.29617,N
SA,250000,F,50,S,75000,1.5877,Y
SA,250000,M,28,S,7500,-1.29617,N
SA,250000,M,63,P,35000,1.18876,Y
SA,250000,M,24,PS,35000,1.41464,Y
SA,250000,F,43,P,7500,0.13591,Y
SA,250000,M,60,P,35000,-0.88715,N
SA,250000,M,23,P,7500,-1.10367,N
SA,250000,F,60,P,2500,0.36597,Y
SA,250000,M,19,S,15000,-1.29617,N
SA,250000,M,38,P,15000,-0.40009,N
SA,250000,M,37,S,7500,-0.66692,N
SA,250000,M,35,P,15000,-1.29617,N
SA,250000,M,59,S,35000,-1.29617,N
SA,250000,F,68,P,2500,-1.04685,N
SA,250000,M,25,S,15000,0.4566,Y
SA,250000,F,28,P,7500,-1.29617,N
SA,250000,F,45,P,15000,-0.42882,N
SA,250000,F,46,S,35000,-1.29617,N
SA,250000,M,68,S,15000,1.5877,Y
SA,250000,M,25,PS,35000,1.36539,Y
SA,250000,F,61,S,35000,-1.29617,N
SA,250000,M,62,P,35000,-1.21834,N
SA,250000,F,40,P,15000,1.5877,Y
SA,250000,F,21,PS,35000,-1.72594,N
SA,250000,F,25,P,7500,1.51869,Y
SA,250000,F,40,P,7500,1.5877,Y
SA,250000,F,43,S,2500,0.80245,N
SA,250000,F,35,S,35000,1.1425,Y
SA,250000,M,67,P,NA,1.3811,Y
SA,250000,F,23,PS,35000,1.51515,Y
SA,250000,F,39,P,75000,0.3898,Y
SA,250000,M,18,PS,75000,1.40042,Y
SA,250000,M,54,S,35000,1.46885,Y
SA,250000,M,42,S,125000,-1.2105,N
SA,250000,F,42,S,7500,-0.93171,N
SA,250000,F,60,P,7500,1.37276,Y
SA,250000,M,60,P,7500,0.09968,Y
SA,250000,M,20,P,15000,-1.10678,N
SA,250000,M,25,P,7500,-1.07069,N
SA,250000,M,30,P,7500,0.99912,Y
SA,250000,F,35,S,15000,-0.24978,N
SA,250000,M,65,P,35000,-0.97492,N
SA,250000,F,50,S,75000,0.15413,Y
SA,250000,M,24,P,15000,-1.26247,N
SA,250000,F,23,P,7500,0.87023,Y
SA,250000,M,45,P,35000,0.20171,Y
SA,250000,F,40,S,35000,-1.29617,N
SA,250000,F,66,P,35000,-1.29617,N
SA,250000,M,60,P,75000,1.55399,Y
SA,250000,M,31,S,15000,1.16822,Y
SA,250000,M,24,S,15000,-0.67418,Y
SA,250000,M,59,P,35000,1.27849,Y
SA,250000,F,29,S,75000,1.40361,Y
SA,250000,F,23,S,35000,-1.15795,N
SA,250000,M,70,P,7500,-1.25795,N
SA,250000,M,34,PS,35000,-1.21777,N
SA,250000,F,23,PS,15000,-1.14049,N
SA,250000,M,18,S,35000,-1.25795,N
SA,250000,F,46,NA,15000,-1.29617,N
SA,250000,F,23,P,7500,-0.26963,N
SA,250000,M,18,S,7500,-0.79979,Y
SA,250000,M,43,P,75000,1.44541,Y
SA,250000,F,23,S,35000,-1.16369,N
SA,250000,M,37,P,15000,0.50129,N
SA,250000,M,24,S,35000,1.25589,Y
SA,250000,F,40,P,35000,-0.97614,N
SA,250000,F,35,P,7500,1.54808,Y
SA,250000,M,27,S,7500,0.19955,N
SA,250000,M,45,P,35000,1.51515,Y
SA,250000,F,46,P,15000,0.96365,Y
SA,250000,F,25,S,15000,1.05131,Y
SA,250000,M,18,S,15000,-0.88433,N
SA,250000,M,46,P,15000,-1.1008,N
SA,250000,F,20,P,7500,-1.21974,N
SA,250000,F,55,P,2500,-1.19286,N
SA,250000,M,38,P,35000,-1.21834,N
SA,250000,M,55,P,35000,-1.21834,N
SA,250000,M,18,S,35000,1.12067,Y
SA,250000,F,40,P,35000,0.33514,Y
SA,250000,M,21,S,35000,-1.21834,N
SA,250000,M,49,P,15000,-1.21834,N
SA,250000,M,37,S,15000,-1.04094,Y
SA,250000,M,36,S,15000,-1.18151,N
SA,250000,F,24,S,7500,-1.29617,N
SA,250000,M,25,PS,15000,-0.91941,N
SA,250000,F,58,P,7500,1.5368,Y
SA,250000,F,54,S,35000,1.47476,Y
SA,250000,M,53,S,35000,-1.0444,N
SA,250000,F,20,S,NA,-1.05006,N
SA,250000,M,19,S,35000,-1.14719,N
SA,250000,M,59,P,35000,0.20745,Y
SA,250000,F,36,P,35000,-1.17871,N
SA,250000,F,31,S,15000,0.93119,Y
SA,250000,F,45,P,15000,-1.29617,N
SA,250000,M,18,S,35000,1.23212,Y
SA,250000,M,38,P,15000,1.29875,Y
SA,250000,F,39,P,15000,-0.76404,N
SA,250000,M,65,P,2500,1.54947,Y
SA,250000,M,39,P,15000,-0.45208,N
SA,250000,F,27,S,15000,-1.29617,N
SA,250000,M,18,S,15000,-0.42745,N
SA,250000,M,27,PS,75000,-1.17723,N
SA,250000,M,36,PS,75000,1.44593,Y
SA,250000,F,28,S,15000,-0.60491,Y
SA,250000,F,33,PS,35000,-0.67038,N
SA,250000,F,51,P,35000,1.3309,Y
SA,250000,M,51,PS,35000,-1.02895,N
SA,250000,M,22,PS,15000,-0.55476,N
SA,250000,F,36,P,7500,-0.39733,N
SA,250000,F,45,S,35000,-1.29617,N
SA,250000,M,21,P,7500,-1.29617,N
SA,250000,M,38,P,7500,-1.14103,N
SA,250000,F,28,PS,7500,-0.90906,N
SA,250000,F,40,S,15000,-1.29617,N
SA,250000,M,22,PS,15000,-1.2307,N
SA,250000,M,28,PS,125000,-1.29617,N
SA,250000,M,53,P,NA,1.40039,Y
SA,250000,M,51,S,35000,1.53157,Y
SA,250000,M,68,S,200000,1.48145,Y
SA,250000,M,63,S,35000,1.3368,Y
SA,250000,M,22,PS,35000,-0.92939,N
SA,250000,M,19,S,125000,-1.04221,N
SA,250000,F,21,S,35000,-0.79353,N
SA,250000,M,40,PS,75000,1.5877,Y
SA,250000,F,29,S,15000,-1.25656,N
SA,250000,M,60,S,75000,-1.10502,N
SA,250000,F,62,P,15000,1.5877,Y
SA,250000,F,24,PS,35000,-1.29617,N
SA,250000,M,25,PS,7500,-1.21974,N
SA,250000,M,68,S,35000,-1.25795,N
SA,250000,F,26,S,35000,-1.10757,N
SA,250000,M,57,S,75000,1.40361,Y
SA,250000,M,19,S,15000,-1.25795,N
SA,250000,F,22,S,35000,-0.44948,N
SA,250000,F,54,P,15000,-1.14049,N
SA,250000,F,67,S,7500,-0.11911,N
SA,250000,M,65,P,75000,-1.08055,N
SA,250000,F,46,S,15000,1.01625,Y
SA,250000,F,55,S,75000,-1.29617,N
SA,250000,F,20,S,35000,-1.25795,N
SA,250000,M,45,S,15000,0.57007,Y
SA,250000,M,29,S,15000,-1.18323,N
SA,250000,M,36,S,7500,-1.29617,N
SA,250000,F,64,P,35000,-1.29617,N
SA,250000,M,20,S,15000,-0.81078,N
SA,250000,F,67,P,7500,-0.99558,N
SA,250000,F,27,S,15000,-1.29617,N
SA,250000,M,59,P,7500,-1.29617,N
SA,250000,M,25,PS,35000,-1.18011,N
SA,250000,F,23,PS,35000,-1.29617,N
SA,250000,F,48,S,75000,-1.14579,N
SA,250000,F,28,S,15000,-0.78735,Y
SA,250000,M,45,S,15000,-1.14049,N
SA,250000,M,26,S,15000,-0.9353,N
SA,250000,F,37,P,35000,-1.18011,N
SA,250000,F,24,S,35000,0.13025,N
SA,250000,F,38,PS,35000,-1.14049,N
SA,250000,M,36,PS,125000,-1.02263,N
SA,250000,F,37,PS,35000,-1.29617,N
SA,250000,M,42,P,15000,-1.23032,N
SA,250000,F,57,P,35000,1.32047,Y
SA,250000,M,47,P,35000,-1.21834,N
SA,250000,F,45,S,7500,-1.04094,N
SA,250000,F,20,S,35000,-1.29617,N
SA,250000,M,47,P,35000,-1.14049,N
SA,250000,M,22,S,35000,-1.21834,N
SA,250000,M,24,P,35000,-1.29617,N
SA,250000,F,19,S,15000,-0.68396,N
SA,250000,M,43,P,35000,-1.105,N
SA,250000,M,24,P,15000,-1.29617,N
SA,250000,F,58,P,15000,-0.16141,Y
SA,250000,F,30,S,75000,-0.61249,N
SA,250000,F,37,PS,75000,-0.49725,N
SA,250000,M,65,S,75000,0.61694,Y
SA,250000,M,26,S,75000,-0.90783,N
SA,250000,F,69,S,75000,1.5877,Y
SA,250000,M,21,PS,75000,0.82279,Y
SA,250000,F,30,S,125000,0.86028,Y
SA,250000,M,62,S,125000,1.54808,Y
SA,250000,M,30,S,75000,0.4505,N
SA,250000,M,40,PS,35000,-1.07812,N
SA,250000,F,26,PS,125000,-1.21834,N
SA,250000,M,50,PS,35000,-0.89595,N
SA,250000,M,21,S,15000,-0.42948,N
SA,250000,F,39,S,15000,1.5877,Y
SA,250000,F,18,S,200000,-1.21834,N
SA,250000,M,51,S,125000,-0.77762,N
SA,250000,M,52,P,15000,-1.29617,N
SA,250000,M,20,S,15000,-0.57538,Y
SA,250000,F,29,S,35000,-1.23667,N
SA,250000,M,39,P,35000,-1.29617,N
SA,250000,M,18,S,75000,0.12997,Y
SA,250000,F,44,S,125000,0.59566,Y
SA,250000,F,32,PS,35000,-1.2164,N
SA,250000,M,41,PS,75000,-1.21834,N
SA,250000,F,25,PS,35000,1.47725,Y
SA,250000,F,50,PS,35000,-1.21695,N
SA,250000,M,43,PS,200000,-1.19755,N
SA,250000,M,37,PS,125000,-1.29617,N
SA,250000,F,30,PS,200000,-1.14799,N
SA,250000,F,54,S,200000,-1.07456,N
SA,250000,M,36,PS,15000,-0.79562,N
SA,250000,F,45,PS,125000,-0.89052,N
SA,250000,M,33,PS,35000,0.49274,Y
SA,250000,M,36,S,125000,-1.01959,N
SA,250000,F,25,PS,200000,-0.70916,Y
SA,250000,M,19,S,75000,-0.2023,N
SA,250000,F,51,S,75000,0.79215,Y
SA,250000,M,19,P,15000,0.81038,N
SA,250000,F,59,P,15000,1.17809,Y
SA,250000,F,21,S,7500,-1.28924,N
SA,250000,M,45,P,15000,-0.25284,Y
SA,250000,F,18,S,15000,-1.11716,N
SA,250000,F,39,PS,35000,1.51307,Y
SA,250000,F,56,PS,35000,0.8355,Y
SA,250000,M,25,S,35000,-1.10496,N
SA,250000,M,20,P,7500,-1.14301,N
SA,250000,F,23,P,15000,0.4373,Y
SA,250000,M,52,S,7500,-0.54071,Y
SA,250000,M,37,PS,35000,1.45597,Y
SA,250000,M,25,S,35000,-0.70525,N
SA,250000,M,51,P,15000,1.3991,Y
SA,250000,M,20,S,15000,-0.40275,N
SA,250000,M,70,P,15000,1.48678,Y
SA,250000,F,43,S,15000,-1.21834,N
SA,250000,F,20,S,15000,-0.58372,N
SA,250000,M,34,S,35000,-0.65956,N
SA,250000,M,60,P,2500,0.81317,Y
SA,250000,M,21,S,15000,-0.31678,Y
SA,250000,F,20,S,15000,-1.21974,N
SA,250000,F,62,P,35000,0.19019,Y
SA,250000,F,20,S,35000,-1.25795,N
SA,250000,M,38,S,200000,-0.7933,N
SA,250000,M,20,PS,75000,-1.11878,N
SA,250000,M,35,PS,200000,1.2692,Y
SA,250000,M,18,S,200000,0.53171,N
SA,250000,F,18,S,125000,-1.1464,N
SA,250000,M,42,PS,75000,1.16774,Y
SA,250000,F,27,PS,200000,-1.10282,N
SA,250000,M,32,PS,125000,-1.21974,N
SA,250000,M,63,S,75000,0.49426,N
SA,250000,F,36,PS,75000,0.18235,Y
SA,250000,M,36,S,125000,0.51557,N
SA,250000,M,33,PS,200000,-0.87064,N
SA,250000,M,69,S,125000,1.38413,Y
SA,250000,F,31,S,200000,-0.65985,N
SA,250000,F,42,S,125000,1.55399,Y
SA,250000,F,22,PS,35000,-1.01283,N
SA,250000,F,57,PS,15000,-1.29617,N
SA,250000,F,43,PS,125000,-0.68084,N
SA,250000,M,41,PS,75000,0.91259,Y
SA,250000,M,28,PS,75000,-0.83829,N
SA,250000,F,20,PS,200000,1.40361,Y
SA,250000,F,24,PS,125000,-1.04256,N
SA,250000,M,42,PS,125000,-1.29617,N
SA,250000,M,61,PS,75000,1.55477,Y
SA,250000,M,34,PS,125000,0.54349,N
SA,250000,F,26,PS,200000,0.86287,Y
SA,250000,F,60,PS,200000,1.39831,Y
SA,250000,F,36,PS,200000,1.04278,Y
SA,250000,M,67,PS,200000,1.44244,Y
SA,250000,F,19,PS,NA,-0.2941,Y
SA,250000,F,50,S,200000,1.01542,Y
SA,250000,M,46,PS,200000,0.8246,Y
SA,250000,F,42,PS,35000,-1.10454,N
SA,250000,M,42,PS,NA,1.34448,Y
SA,250000,F,19,S,NA,-0.79884,N
SA,250000,F,46,S,125000,-1.02597,N
SA,250000,F,31,S,75000,-1.21862,N
SA,250000,M,28,PS,200000,1.21705,Y
SA,250000,F,54,PS,15000,0.81109,Y
SA,250000,F,36,PS,200000,-1.29617,N
SA,250000,M,38,PS,NA,1.39381,Y
SA,250000,F,59,P,15000,0.88849,Y
SA,250000,M,22,S,NA,-0.15216,N
SA,250000,F,45,P,7500,0.51627,N
SA,250000,F,24,PS,200000,-1.14049,N
SA,250000,F,47,S,125000,1.07339,Y
SA,250000,M,46,PS,200000,-0.66689,N
SA,250000,F,21,PS,35000,-1.29617,N
SA,250000,F,39,PS,200000,-1.25656,N
SA,250000,F,36,S,75000,-0.94168,N
SA,250000,F,58,S,35000,-0.40122,N
SA,250000,M,53,S,125000,-1.0295,N
SA,250000,F,26,PS,125000,-1.21834,N
SA,250000,M,19,PS,200000,1.51858,Y
SA,250000,M,55,S,200000,1.27096,Y
SA,250000,F,23,PS,200000,0.64011,Y
SA,250000,F,58,S,125000,1.1348,Y
SA,250000,M,60,PS,200000,1.21964,Y
SA,250000,F,68,S,75000,0.84667,Y
SA,250000,F,35,PS,200000,0.7711,Y
SA,250000,M,27,PS,200000,1.29798,Y
SA,250000,F,25,PS,125000,1.39006,Y
SA,250000,M,70,PS,125000,-1.06052,N
SA,250000,M,21,PS,200000,0.43376,Y
SA,250000,F,35,PS,125000,1.15286,Y
SA,250000,F,35,PS,200000,-0.93773,N
SA,250000,M,22,PS,NA,-0.0163,N
SA,250000,F,27,PS,200000,0.97308,Y
SA,250000,F,40,PS,200000,0.94765,N
SA,250000,M,44,PS,200000,0.47231,Y
SA,250000,M,40,P,15000,1.26093,Y
SA,250000,M,29,S,35000,1.47615,Y
SA,250000,M,23,S,15000,-1.29617,N
SA,250000,F,53,P,35000,0.13118,Y
SA,250000,M,44,S,35000,1.43793,Y
SA,250000,M,39,PS,200000,1.33168,Y
SA,250000,M,25,PS,125000,1.32577,Y
SA,250000,F,64,S,35000,1.14675,Y
SA,250000,F,27,PS,125000,0.29437,N
SA,250000,M,33,PS,75000,-1.11336,N
SA,250000,M,59,PS,35000,-0.98643,N
SA,250000,F,57,PS,75000,-0.62986,N
SA,250000,F,28,PS,125000,1.51437,Y
SA,250000,F,65,S,75000,-1.2727,N
SA,250000,F,24,PS,75000,-0.45879,N
SA,250000,M,18,S,125000,0.9846,Y
SA,250000,M,45,PS,200000,1.14072,Y
SA,250000,F,59,S,200000,-0.56959,N
SA,250000,F,36,S,125000,-1.0404,N
SA,250000,M,26,PS,75000,-0.41596,N
SA,250000,F,44,PS,200000,-1.09949,N
SA,250000,M,36,PS,200000,1.24045,Y
SA,250000,M,25,S,35000,-0.50191,N
SA,250000,M,42,PS,35000,-1.29617,N
SA,250000,M,40,S,15000,-1.11196,N
SA,250000,F,18,PS,75000,-0.89384,N
SA,250000,F,70,S,7500,0.63256,Y
SA,250000,M,36,S,35000,1.12501,Y
SA,250000,F,37,S,35000,1.5877,Y
SA,250000,M,32,S,125000,0.6372,Y
SA,250000,F,51,P,7500,1.50846,Y
SA,250000,F,24,P,15000,0.47213,Y
SA,250000,M,67,S,7500,1.54808,Y
SA,250000,M,18,S,NA,1.0616,Y
SA,250000,M,43,PS,15000,-0.73756,N
SA,250000,F,21,PS,7500,-1.15231,N
SA,250000,F,54,P,15000,-1.29617,N
SA,250000,F,57,P,2500,-1.18463,N
SA,250000,M,21,S,NA,-1.29617,N
SA,250000,M,33,S,15000,-1.29617,N
SA,250000,F,49,P,35000,0.2803,Y
SA,250000,F,49,P,35000,-1.29617,N
SA,250000,F,18,S,15000,1.25462,Y
SA,250000,M,23,S,NA,-1.26942,N
SA,250000,F,44,P,7500,-1.29617,N
SA,250000,F,23,S,7500,-1.29617,N
SA,250000,M,48,P,NA,1.45187,Y
SA,250000,M,65,S,35000,-1.25656,N
SA,250000,F,47,S,75000,0.8666,Y
SA,250000,F,18,S,75000,0.88085,Y
SA,250000,M,26,PS,NA,-1.29617,N
SA,250000,F,68,P,15000,-0.94732,Y
SA,250000,F,34,S,15000,-0.13523,N
SA,250000,F,37,P,35000,-1.06713,N
SA,250000,M,40,P,7500,-0.7414,Y
SA,250000,F,70,S,NA,1.50394,Y
SA,250000,M,46,PS,125000,0.35459,Y
SA,250000,M,23,S,75000,-1.06529,N
SA,250000,M,70,S,35000,-0.96744,N
SA,250000,M,21,PS,15000,-0.57825,N
SA,250000,M,64,S,35000,-1.29617,N
SA,250000,F,18,S,7500,0.30916,N
SA,250000,M,60,S,35000,-0.99525,N
SA,250000,M,21,S,35000,-0.15297,N
SA,250000,F,29,PS,15000,1.11064,Y
SA,250000,F,36,S,35000,0.28844,Y
SA,250000,F,62,S,15000,1.35,Y
SA,250000,F,44,P,7500,1.20702,Y
SA,250000,F,21,S,35000,-1.25795,N
SA,250000,M,34,S,15000,-0.77873,N
SA,250000,M,39,NA,NA,1.00817,Y
M,62500,M,52,P,35000,1.5877,Y
M,62500,F,33,P,125000,1.59296,Y
M,62500,F,36,PS,15000,1.28539,Y
M,62500,F,60,P,2500,0.14736,Y
M,62500,M,34,S,15000,1.47693,Y
M,62500,F,29,P,15000,0.96567,Y
M,62500,F,32,P,2500,-1.16306,N
M,62500,F,46,P,7500,-1.22114,Y
M,62500,M,39,S,35000,0.76436,Y
M,62500,F,22,S,35000,-0.70446,N
M,62500,M,60,S,15000,-1.29617,N
M,62500,F,38,P,15000,1.28086,Y
M,62500,M,27,P,15000,-1.22876,N
M,62500,M,25,S,7500,0.83264,Y
M,15000,F,18,S,35000,1.28615,Y
M,15000,M,18,S,35000,-0.50889,Y
M,15000,M,65,P,35000,0.43236,Y
M,15000,M,26,S,15000,-1.08862,N
M,15000,F,26,PS,35000,-1.29617,N
M,15000,M,36,S,NA,-0.57165,N
M,25000,M,32,S,NA,0.75873,Y
M,25000,F,40,S,35000,-0.67588,N
M,25000,F,19,P,7500,-0.5399,N
M,25000,M,60,P,35000,-0.98577,N
M,25000,M,32,P,35000,1.29393,Y
M,25000,F,42,P,7500,1.43577,Y
M,25000,F,55,P,7500,-0.33917,Y
M,87500,F,55,S,35000,1.44322,Y
M,87500,M,27,S,75000,1.24288,N
M,87500,F,40,S,15000,-0.09014,Y
M,87500,M,42,S,75000,-0.43601,N
M,87500,F,21,S,35000,0.95741,Y
M,87500,M,18,S,15000,0.16797,N
M,87500,F,67,P,7500,-1.29617,N
M,87500,M,33,P,15000,-1.02512,Y
M,87500,M,42,PS,125000,1.318,Y
M,87500,F,27,S,35000,1.47693,Y
M,87500,F,36,PS,75000,1.29875,Y
M,87500,M,21,S,75000,-0.49903,N
M,87500,M,26,S,15000,0.51739,Y
M,87500,F,41,P,35000,1.54243,Y
M,87500,F,57,P,35000,1.54947,Y
M,87500,F,21,P,35000,1.35,Y
M,15000,M,34,P,15000,-1.33066,N
M,15000,M,51,P,7500,-1.25795,N
M,15000,F,25,P,2500,0.35489,Y
M,15000,F,62,P,15000,1.44059,Y
M,15000,M,32,S,15000,1.51655,Y
M,15000,F,43,P,35000,-0.17755,Y
M,15000,M,56,P,15000,1.46057,Y
M,15000,M,20,P,35000,0.85425,Y
M,15000,F,21,S,35000,1.22231,Y
M,15000,M,42,P,15000,-1.26247,N
M,15000,F,28,P,15000,1.3295,Y
M,15000,F,44,P,75000,1.42045,Y
M,15000,M,20,PS,35000,1.38179,Y
